{
  "Name": "Noise",
  "Version": "1.0.0.0",
  "Factory Info": {
    "Vendor": "Tyler Hickerson",
    "URL": "tylerhbe.github.io",
    "E-Mail": "mailto:tylerhickersonbe@gmail.com",
    "Flags": {
      "Unicode": true,
      "Classes Discardable": false,
      "Component Non Discardable": false,
    },
  },
  "Classes": [
    {
      "CID": "18F403BE8BDD5946A5A08151E978109E",
      "Category": "Audio Module Class",
      "Name": "Noise",
      "Vendor": "Tyler Hickerson",
      "Version": "1.0.0.0",
      "SDKVersion": "VST 3.7.12",
      "Sub Categories": [
        "Fx",
      ],
      "Class Flags": 1,
      "Cardinality": 2147483647,
      "Snapshots": [
        {
          "Scale Factor": 1,
          "Path": "Contents/Resources/Snapshots/18F403BE8BDD5946A5A08151E978109E_snapshot.png",
        },
        {
          "Scale Factor": 2,
          "Path": "Contents/Resources/Snapshots/18F403BE8BDD5946A5A08151E978109E_snapshot_2.0x.png",
        },
      ],
    },
    {
      "CID": "FB4A4284A92950ABB4466CD6D2CC5C4C",
      "Category": "Component Controller Class",
      "Name": "NoiseController",
      "Vendor": "Tyler Hickerson",
      "Version": "1.0.0.0",
      "SDKVersion": "VST 3.7.12",
      "Class Flags": 0,
      "Cardinality": 2147483647,
      "Snapshots": [
      ],
    },
  ],
}